[
   {
      "S.no": 19956,
      "itemId": "DIANM11",
      "itemName": "COVID-19 Test",
      "type": "Test",
      "Keyword": "covid-19-test",
      "Best-sellers": "",
      "testCount": 1,
      "Included Tests": "",
      "url": "covid-19-test",
      "minPrice": 4500,
      "labName": "Metropolis",
      "fasting": 0,
      "availableAt": 1,
      "popular": "TRUE",
      "category": "path",
      "objectID": "6045500"
   },
   {
      "S.no": 1995,
      "itemId": "DIA2044",
      "itemName": "Eye Test- Vision Express",
      "type": "Test",
      "Keyword": "eye,test",
      "Best-sellers": "",
      "testCount": 1,
      "Included Tests": "",
      "url": "eye_test",
      "minPrice": 49,
      "labName": "Vision Express",
      "fasting": 0,
      "availableAt": 1,
      "popular": "TRUE",
      "category": "path",
      "objectID": "4562"
   },
   {
      "S.no": 1983,
      "itemId": "DIAR894",
      "itemName": "Yttrium Therapy",
      "type": "Test",
      "Keyword": "Yttrium,Therapy",
      "testCount": 1,
      "Included Tests": "",
      "url": "Yttrium-Therapy-test-cost",
      "minPrice": 17500,
      "labName": "",
      "fasting": 0,
      "availableAt": 2,
      "popular": "false",
      "category": "radio",
      "objectID": "4461302"
   },
   {
      "S.no": 1982,
      "itemId": "DIAR893",
      "itemName": "X Ray Wrist Lateral View",
      "type": "Test",
      "Keyword": "X,Ray,Wrist,Lateral,View",
      "testCount": 1,
      "Included Tests": "",
      "url": "X-Ray-Wrist-Lateral-View-test-cost",
      "minPrice": 120,
      "labName": "",
      "fasting": 0,
      "availableAt": 2,
      "popular": "false",
      "category": "radio",
      "objectID": "4461292"
   },
   {
      "S.no": 1981,
      "itemId": "DIAR892",
      "itemName": "X Ray Wrist AP View",
      "type": "Test",
      "Keyword": "X,Ray,Wrist,AP,View",
      "testCount": 1,
      "Included Tests": "",
      "url": "X-Ray-Wrist-AP-View-test-cost",
      "minPrice": 120,
      "labName": "",
      "fasting": 0,
      "availableAt": 2,
      "popular": "false",
      "category": "radio",
      "objectID": "4461282"
   },
   {
      "S.no": 1980,
      "itemId": "DIAR891",
      "itemName": "X Ray Wrist AP and Lateral View",
      "type": "Test",
      "Keyword": "X,Ray,Wrist,AP,and",
      "testCount": 1,
      "Included Tests": "",
      "url": "X-Ray-Wrist-AP-and-Lateral-View-test-cost",
      "minPrice": 240,
      "labName": "",
      "fasting": 0,
      "availableAt": 2,
      "popular": "false",
      "category": "radio",
      "objectID": "4461272"
   },
   {
      "S.no": 1979,
      "itemId": "DIAR890",
      "itemName": "X Ray Whole Spine Lateral View",
      "type": "Test",
      "Keyword": "X,Ray,Whole,Spine,Lateral",
      "testCount": 1,
      "Included Tests": "",
      "url": "X-Ray-Whole-Spine-Lateral-View-test-cost",
      "minPrice": 320,
      "labName": "",
      "fasting": 0,
      "availableAt": 2,
      "popular": "false",
      "category": "radio",
      "objectID": "4461262"
   },
   {
      "S.no": 1978,
      "itemId": "DIAR889",
      "itemName": "X Ray Whole Spine Lateral and AP View",
      "type": "Test",
      "Keyword": "X,Ray,Whole,Spine,Lateral",
      "testCount": 1,
      "Included Tests": "",
      "url": "X-Ray-Whole-Spine-Lateral-and-AP-View-test-cost",
      "minPrice": 560,
      "labName": "",
      "fasting": 0,
      "availableAt": 2,
      "popular": "false",
      "category": "radio",
      "objectID": "4461252"
   },
   {
      "S.no": 1977,
      "itemId": "DIAR888",
      "itemName": "X Ray Whole Spine AP View",
      "type": "Test",
      "Keyword": "X,Ray,Whole,Spine,AP",
      "testCount": 1,
      "Included Tests": "",
      "url": "X-Ray-Whole-Spine-AP-View-test-cost",
      "minPrice": 320,
      "labName": "",
      "fasting": 0,
      "availableAt": 2,
      "popular": "false",
      "category": "radio",
      "objectID": "4461242"
   },
   {
      "S.no": 1976,
      "itemId": "DIAR887",
      "itemName": "X Ray Water View",
      "type": "Test",
      "Keyword": "X,Ray,Water,View,",
      "testCount": 1,
      "Included Tests": "",
      "url": "X-Ray-Water-View-test-cost",
      "minPrice": 145,
      "labName": "",
      "fasting": 0,
      "availableAt": 2,
      "popular": "false",
      "category": "radio",
      "objectID": "4461232"
   },
   {
      "S.no": 1975,
      "itemId": "DIAR886",
      "itemName": "X Ray Tm Joint Lateral View",
      "type": "Test",
      "Keyword": "X,Ray,Tm,Joint,Lateral",
      "testCount": 1,
      "Included Tests": "",
      "url": "X-Ray-Tm-Joint-Lateral-View-test-cost",
      "minPrice": 162,
      "labName": "",
      "fasting": 0,
      "availableAt": 2,
      "popular": "false",
      "category": "radio",
      "objectID": "4461222"
   },
   {
      "S.no": 1974,
      "itemId": "DIAR885",
      "itemName": "X Ray Tm Joint AP View",
      "type": "Test",
      "Keyword": "X,Ray,Tm,Joint,AP",
      "testCount": 1,
      "Included Tests": "",
      "url": "X-Ray-Tm-Joint-AP-View-test-cost",
      "minPrice": 162,
      "labName": "",
      "fasting": 0,
      "availableAt": 2,
      "popular": "false",
      "category": "radio",
      "objectID": "4461212"
   },
   {
      "S.no": 1973,
      "itemId": "DIAR884",
      "itemName": "X Ray Tm Joint AP and Lateral View",
      "type": "Test",
      "Keyword": "X,Ray,Tm,Joint,AP",
      "testCount": 1,
      "Included Tests": "",
      "url": "X-Ray-Tm-Joint-AP-and-Lateral-View-test-cost",
      "minPrice": 280,
      "labName": "",
      "fasting": 0,
      "availableAt": 2,
      "popular": "false",
      "category": "radio",
      "objectID": "4461202"
   },
   {
      "S.no": 1972,
      "itemId": "DIAR883",
      "itemName": "X Ray Thumb Lateral View",
      "type": "Test",
      "Keyword": "X,Ray,Thumb,Lateral,View",
      "testCount": 1,
      "Included Tests": "",
      "url": "X-Ray-Thumb-Lateral-View-test-cost",
      "minPrice": 120,
      "labName": "",
      "fasting": 0,
      "availableAt": 2,
      "popular": "false",
      "category": "radio",
      "objectID": "4461192"
   },
   {
      "S.no": 1971,
      "itemId": "DIAR882",
      "itemName": "X Ray Thumb Lateral and AP View",
      "type": "Test",
      "Keyword": "X,Ray,Thumb,Lateral,and",
      "testCount": 1,
      "Included Tests": "",
      "url": "X-Ray-Thumb-Lateral-and-AP-View-test-cost",
      "minPrice": 240,
      "labName": "",
      "fasting": 0,
      "availableAt": 2,
      "popular": "false",
      "category": "radio",
      "objectID": "4461182"
   },
   {
      "S.no": 1970,
      "itemId": "DIAR881",
      "itemName": "X Ray Thumb AP View",
      "type": "Test",
      "Keyword": "X,Ray,Thumb,AP,View",
      "testCount": 1,
      "Included Tests": "",
      "url": "X-Ray-Thumb-AP-View-test-cost",
      "minPrice": 120,
      "labName": "",
      "fasting": 0,
      "availableAt": 2,
      "popular": "false",
      "category": "radio",
      "objectID": "4461172"
   },
   {
      "S.no": 1969,
      "itemId": "DIAR880",
      "itemName": "X Ray Thigh Lateral View",
      "type": "Test",
      "Keyword": "X,Ray,Thigh,Lateral,View",
      "testCount": 1,
      "Included Tests": "",
      "url": "X-Ray-Thigh-Lateral-View-test-cost",
      "minPrice": 120,
      "labName": "",
      "fasting": 0,
      "availableAt": 2,
      "popular": "false",
      "category": "radio",
      "objectID": "4461162"
   },
   {
      "S.no": 1968,
      "itemId": "DIAR879",
      "itemName": "X Ray Thigh AP View",
      "type": "Test",
      "Keyword": "X,Ray,Thigh,AP,View",
      "testCount": 1,
      "Included Tests": "",
      "url": "X-Ray-Thigh-AP-View-test-cost",
      "minPrice": 120,
      "labName": "",
      "fasting": 0,
      "availableAt": 2,
      "popular": "false",
      "category": "radio",
      "objectID": "4461152"
   },
   {
      "S.no": 1967,
      "itemId": "DIAR878",
      "itemName": "X Ray Thigh AP and Lateral View",
      "type": "Test",
      "Keyword": "X,Ray,Thigh,AP,and",
      "testCount": 1,
      "Included Tests": "",
      "url": "X-Ray-Thigh-AP-and-Lateral-View-test-cost",
      "minPrice": 240,
      "labName": "",
      "fasting": 0,
      "availableAt": 2,
      "popular": "false",
      "category": "radio",
      "objectID": "4461142"
   },
   {
      "S.no": 1966,
      "itemId": "DIAR877",
      "itemName": "X ray Temp",
      "type": "Test",
      "Keyword": "X,ray,Temp",
      "testCount": 1,
      "Included Tests": "",
      "url": "X-ray-Temp-test-cost",
      "minPrice": 0,
      "labName": "",
      "fasting": 0,
      "availableAt": 2,
      "popular": "false",
      "category": "radio",
      "objectID": "4461132"
   },
   {
      "S.no": 1998,
      "itemId": "DIAR877",
      "itemName": "X ray Temp",
      "type": "Test",
      "Keyword": "X,ray,Temp",
      "testCount": 1,
      "Included Tests": "",
      "url": "X-ray-Temp-test-cost",
      "minPrice": 0,
      "labName": "",
      "fasting": 0,
      "availableAt": 2,
      "popular": "false",
      "category": "radio",
      "objectID": "4461132"
   },
   {
      "S.no": 4455,
      "itemId": "DIAR877",
      "itemName": "X ray Temp",
      "type": "Test",
      "Keyword": "X,ray,Temp",
      "testCount": 1,
      "Included Tests": "",
      "url": "X-ray-Temp-test-cost",
      "minPrice": 0,
      "labName": "",
      "fasting": 0,
      "availableAt": 2,
      "popular": "false",
      "category": "radio",
      "objectID": "4461132"
   },
   {
      "S.no": 8787,
      "itemId": "DIAR877",
      "itemName": "X ray Temp",
      "type": "Test",
      "Keyword": "X,ray,Temp",
      "testCount": 1,
      "Included Tests": "",
      "url": "X-ray-Temp-test-cost",
      "minPrice": 0,
      "labName": "",
      "fasting": 0,
      "availableAt": 2,
      "popular": "false",
      "category": "radio",
      "objectID": "4461132"
   },
   {
      "S.no": 12349,
      "itemId": "DIAR877",
      "itemName": "X ray Temp",
      "type": "Test",
      "Keyword": "X,ray,Temp",
      "testCount": 1,
      "Included Tests": "",
      "url": "X-ray-Temp-test-cost",
      "minPrice": 0,
      "labName": "",
      "fasting": 0,
      "availableAt": 2,
      "popular": "false",
      "category": "radio",
      "objectID": "4461132"
   }
]